	my	name	is	javad	pourmostafa	and	i	am	from	guilan	nlp	group	at	the	university	of	.
0	-0.12685862	-0.33299124	0.035927236	-0.4044768	0.068896346	-0.03153342	-0.40082616	0.17995131	0.07412308	0.4946328	0.05151044	-0.029058676	0.084657155	-0.06533351	0.041453384	0.048803896	-0.11112368
1	0.15288293	0.5226846	0.14517067	-0.49423835	-0.5446464	0.0462785	0.13992226	0.13175327	-0.24448808	-0.1461195	-0.584485	-0.20126127	-0.22583559	-0.093030594	-0.17245455	-0.2852779	-0.0013858825
2	0.14903277	-0.0018576493	0.11925909	-0.3944445	-0.1725253	-0.12534022	0.12907307	0.13689914	-0.20992944	-0.23697057	-0.39926514	0.09096456	0.09645142	-0.017570693	-0.110032156	0.018557359	-0.17779872
3	0.039269045	-0.043741327	0.07883557	0.11149967	0.07063236	0.19164912	-0.11843852	-0.041665018	0.067706846	-0.6921791	0.7347463	0.10737046	0.10083796	0.20006956	0.13727842	0.20576969	0.064507596
4	-0.13052416	0.028670631	-0.047748104	-0.06859759	-0.37623686	-0.12659858	-0.24409203	-0.2888285	-0.06905508	-0.39193317	-0.47139016	-0.2187353	-0.32226843	0.029521415	-0.2160748	0.06070386	-0.24037443
5	-0.038069367	-0.014818203	0.10095674	-0.40000713	-0.35365686	-0.012853059	-0.07149621	-0.19675003	0.02407047	0.097481325	-0.31493196	0.35405526	0.06084022	-0.039920297	-0.18946879	0.085446015	0.03108716
6	-0.16230041	-0.2763415	0.0908154	0.12442909	0.17790467	0.10342346	-0.12624407	-0.07870657	0.039651096	0.053555124	0.3330604	0.1420482	-0.1409767	-0.16328034	0.020978969	-0.036267497	-0.030143656
7	-0.002766341	-0.09748854	-0.22176012	-0.12550667	-0.028620321	-0.009808491	-0.105379015	0.006160453	-0.075542904	0.053148996	-0.20653524	-0.12728553	0.042526044	-0.07294594	-0.07946377	-0.06837314	-0.36882758
8	0.12118591	0.14215982	-0.09508526	-0.3906016	-0.54782397	0.1518941	0.021208793	0.11629814	0.14965147	0.2239857	0.047605913	-0.21023719	0.25177145	0.089603506	0.25170648	0.1450674	-0.043854654
9	0.14202456	0.30275437	-0.022609614	-0.26149648	0.2682124	0.2758219	0.17554036	0.07794887	0.22772044	-0.079410866	-0.019802008	0.14209028	-0.15139109	0.0809066	0.34704503	0.1785174	0.24830753
10	0.41120797	0.16190174	0.007650107	-0.07651417	-0.17154536	0.13695426	0.32066488	-0.08808234	0.23997359	0.50663674	-0.13030353	-0.12338593	0.28945765	-0.04003219	0.0708033	0.14579242	0.07863292
11	-0.24458751	-0.12333678	0.043769985	-0.42147827	-0.35249755	0.00887986	-0.076655425	-0.03987768	-0.15624864	-0.11150654	-0.13174914	-0.0037049097	-0.22224063	-0.23624368	-0.06709552	-0.13630489	-0.16072206
12	-0.09640971	0.17886628	0.051050678	-0.25236762	-0.20099281	0.14132118	-0.11598697	-0.20684013	-0.13644914	0.021107912	-0.17903592	0.042868916	0.14714578	0.18250139	-0.0052297106	0.23348099	0.105282426
13	0.23814666	-0.3077302	-0.09737831	-0.37099847	-0.11575291	-0.12000123	0.18179938	0.28626925	-0.16233146	-0.47252786	0.5104098	-0.21500993	0.21936546	-0.061240703	-0.1526223	0.029757772	-0.09621957
14	0.0828058	0.015615104	-0.037446454	-0.1194727	0.09832239	-0.063438974	0.09439632	0.23380677	-0.13600333	0.03793184	0.6007077	-0.2436482	0.017640516	-0.06438605	0.15631928	-0.22001106	-0.07774189
15	-0.12634093	-0.2662531	0.04530865	-0.19231082	-0.40893263	-0.15177612	-0.18509325	-0.15377235	-0.047394026	-0.2604497	0.1940375	0.08898275	-0.07588154	-0.07525833	-0.27247527	-0.0045514554	-0.28262112
16	0.06912131	0.049347933	0.0008763373	-0.52428824	0.09943353	0.0980898	0.067021236	-0.006923437	-0.22721542	0.1912653	0.31842738	-0.20139267	-0.054542027	-0.050075803	0.23584747	-0.11197488	-0.13013476
17	0.08522959	-0.0594002	-0.124973856	0.4155075	-0.2160792	-0.12010249	0.18963048	-0.27842966	-0.02057843	-0.19628367	0.289386	-0.18700166	-0.0199669	-0.02000051	0.13001949	-0.041366667	0.0056083202
18	-0.0007368475	-0.21275418	0.029659465	0.22535063	-0.5380289	-0.06908609	-0.1167446	0.030471548	0.2185252	0.06909512	0.17630257	-0.029284105	0.02313602	0.003496034	-0.2415859	0.08423099	0.19405985
19	0.07168882	0.32916546	0.069824904	0.23219776	0.49367744	0.014666447	0.007554412	0.09146559	-0.057742596	0.23259401	0.65599215	0.2975042	0.343173	0.1448695	0.35073075	0.07667261	0.19286662
20	-0.081899166	-0.10043331	-0.16091236	-0.021426642	0.059861097	-0.023040738	0.20717517	-0.034664266	-0.25380465	-0.06804924	-0.36232167	-0.22009097	0.192693	-0.167906	-0.067959085	-0.24460877	-0.10954568
21	0.10051751	0.26311478	0.17420329	0.6728836	0.3980175	0.030430267	-0.085269704	0.37186575	0.07426014	0.02388814	0.16857475	0.15599188	0.06060955	0.07685187	0.26695246	0.053593345	0.23007746
22	-0.11608912	-0.16864039	-0.32899234	-0.46316615	-0.021733608	-0.12664157	-0.082318366	-0.27962583	-0.4313004	-0.124188446	0.30526763	-0.2580938	-0.4119585	-0.22976604	-0.43149045	-0.10939471	-0.19911274
23	-0.07657239	-0.10542311	-0.18290094	0.10837898	0.3244349	-0.06328169	-0.48372373	-0.44770965	0.07078697	-0.14081371	-0.02218884	0.060085826	-0.14237007	-0.05793655	-0.42168576	-0.12467634	0.18836348
24	-0.01088196	-0.15076593	-0.006537199	-0.23672022	0.049763452	-0.082246326	-0.19477141	0.20915374	-0.13236246	0.0038314932	-0.007783345	-0.1406022	-0.11288136	-0.13408451	0.22754456	-0.20289889	-0.21861285
25	0.0911623	-0.11826767	0.05893441	-0.56215394	-0.45976704	0.03671773	0.016658172	0.0064103305	0.009076157	0.016275596	-0.03679172	-0.1964396	-0.19504274	-0.07358624	-0.29609093	0.07456502	0.0017504692
26	-0.018305186	0.13684234	0.019552384	0.5936324	0.15818158	0.22697803	0.1303679	0.516699	0.04137498	0.3557135	0.1667019	0.1670084	0.10920807	-0.001257475	-0.04553269	0.106595606	-0.093016714
27	0.08349074	0.106449544	0.1968105	0.84070957	0.25955543	-0.09602522	-0.08229035	-0.19932802	-0.17293262	0.21064728	0.2844618	-0.18225764	-0.065238535	0.019708354	0.19175477	0.054338932	-0.2506402
28	-0.28908873	-0.38674372	-0.14455998	0.40055183	0.21716334	-0.011699081	-0.12701188	0.1364133	-0.13687709	-0.1354512	-0.082670316	-0.24894604	0.17813505	0.056866273	0.09168945	0.08826773	0.034323245
29	0.22773713	-0.05481418	0.08574537	0.17463818	0.4571751	0.06615827	0.07785326	0.24753636	0.047738396	0.003546172	-0.097872294	0.16927426	0.22520517	0.06250027	0.23847201	0.22557397	0.1704689
30	-0.07899965	0.12979959	-0.07195841	0.18885843	-0.055909697	-0.18541633	0.10845082	0.22427733	-0.096344635	0.22820239	-0.05631779	-0.067321576	-0.14425473	-0.15555492	0.014621411	-0.029081136	-0.09440813
31	0.3035353	0.10828197	0.37731874	-0.010106628	-0.51197946	0.1922302	0.04853201	0.3102287	0.35733858	0.035585966	0.43762925	0.32510605	0.19108063	0.15206705	0.34661078	0.29800344	0.14420289
32	-0.16983476	-0.21606633	-0.3403931	0.037040792	-0.40543067	-0.061685394	-0.13885272	-0.26444525	-0.064074256	0.32003668	0.05082546	0.12801301	-0.051248964	-0.10629019	-0.34136736	-0.16129081	-0.185327
33	0.14701062	-0.010433241	0.027648384	-0.39067075	-0.14205329	0.27048805	-0.023351602	-0.2537935	0.3150038	0.07442738	0.15180056	0.070103124	0.3514018	0.24670114	0.18780439	0.3641873	0.16849822
34	-0.54161483	-0.09409517	0.012375474	-0.06099377	0.08259185	0.07511638	-0.060822994	-0.55799747	0.043261725	0.19505343	0.09621305	-0.32596028	-0.0335159	-0.027853431	0.2384292	0.07397756	-0.16581795
35	-0.010469198	-0.16098504	-0.1595879	0.060280174	-0.18842575	-0.054928135	-0.31838977	-0.3275688	-0.039827652	0.22939648	-0.34512123	-0.3268562	-0.10391334	-0.17702757	-0.27736634	-0.08956078	-0.061712027
36	-0.1702359	-0.06518006	-0.14646447	-0.07199018	-0.004041487	-0.086026825	-0.019553639	0.05053532	0.26391697	0.039615884	-0.13908608	0.14342964	-0.15865648	0.0072058104	0.28383237	-0.041104063	-0.010345712
37	-0.14112881	-0.03125057	0.16193776	0.38959053	0.16216522	-0.19386943	-0.18850192	-0.35978988	-0.007783532	-0.19359133	0.29932913	-0.056766298	-0.04648002	-0.11940577	-0.23550951	-0.24277198	-0.07881704
38	-0.14119168	-0.0741084	0.09252325	0.23118599	-0.16630508	0.14677249	-0.031727806	0.009948447	0.12459964	-0.065135404	-0.15840024	-0.36889777	0.26894313	0.08384306	-0.14484859	-0.0058010444	0.20595545
39	-0.33624646	0.026461532	-0.0876372	0.3234171	-0.48507288	-0.06013036	-0.34550047	0.1833331	-0.06212517	0.25099397	0.05301108	0.018617861	-0.05465263	-0.118432984	-0.28812626	-0.0628379	-0.122860506
40	0.20371325	-0.17202695	-0.059375085	0.0120328115	-0.020436255	0.068269424	0.053967297	-0.15148418	0.04964589	-0.24515413	-0.16606472	0.24169087	0.026267707	0.05361222	0.14773953	0.06176558	-0.06403542
41	-0.012754321	0.009219966	-0.010355473	0.26021746	0.17185992	0.071613364	0.1074605	0.10723582	-0.1944871	0.195714	0.087465495	0.22580518	0.024518847	-0.002314406	0.023565033	-0.06337968	-0.04098314
42	-0.090112925	0.017719686	-0.07417321	0.3356941	0.26382264	-0.094413675	0.19028756	0.13741603	-0.10296043	0.07340408	0.1594762	0.06946397	-0.15300177	-0.08427857	-0.20508574	0.06488569	-0.21272385
43	0.060560502	0.015348863	0.05692418	-0.12022621	-0.034948293	0.036157694	-0.12994865	0.015960366	-0.13227051	-0.24742958	-0.034003228	0.036764428	0.00892067	0.028420255	-0.064662755	0.076681	0.097636014
44	0.22091419	-0.05789512	-0.10948829	0.570655	0.19358768	0.0027819874	0.08617182	-0.016902193	0.11913859	0.31498516	0.3017995	-0.39246652	-0.10311365	0.07818382	0.23605248	0.054731343	-0.058569312
45	0.13571535	0.22161298	0.2854231	0.043486852	0.0138982255	-0.08171072	0.23444845	0.29071152	0.11471373	0.31581792	0.22912899	-0.05752173	-0.06188622	-0.12017375	-0.11877741	-0.121463165	-0.044869445
46	0.21186644	0.4039804	0.19264206	-0.03199852	-0.19877854	-0.013368641	-0.032019638	0.082072005	0.1922211	-0.6897175	-0.32274613	0.10297007	-0.076661594	-0.040865805	-0.15493365	-0.1090651	0.02820611
47	0.19989827	-0.21505421	0.010483369	-0.013736078	-0.04519519	-0.053017292	0.027213454	0.038395315	-0.10544433	-0.08223115	-0.24766964	0.019966496	0.16422388	0.08943776	0.060583074	-0.09278926	-0.1261892
48	-0.31296122	0.16036062	-0.054829866	0.09576129	-0.11495732	0.052227106	-0.08213444	-0.23981756	0.19141273	-0.07405487	0.3406833	-0.20616013	0.19202317	0.05084468	-0.13919798	0.033568516	0.012062803
49	-0.11587127	-0.236908	-0.030501395	-0.01692005	-0.112241395	-0.07968216	-0.19291088	-0.0010557026	-0.19164415	0.0021621333	-0.2374076	-0.16774169	-0.15849122	-0.0637196	-0.23136044	-0.18983558	-0.19176713
50	-0.08848606	0.2672411	0.06812501	-0.21385674	0.0595024	-0.00031768	0.041210964	-0.17515138	0.16663623	0.07393271	0.46276847	0.018318677	-0.10443783	0.07086428	0.30865377	0.08910042	-0.044824034
51	-0.59064364	-0.22548485	-0.04918766	-0.3151162	-0.29897004	0.030397467	-0.54555047	-0.26989067	-0.07208673	-0.14602113	-0.36914	0.012630821	-0.32162112	-0.06396168	-0.0575381	0.0130158365	-0.08176467
52	-0.025914058	0.07245002	0.11643361	-0.34085166	-0.15817787	-0.1684653	0.08937764	0.5918738	-0.01712436	-0.27192205	0.31130445	0.17984536	-0.017645866	-0.09532861	0.25537413	-0.051570773	-0.07372313
53	-0.091933504	-0.2839557	-0.10179723	0.11877327	0.3186697	0.021827886	-0.15301403	-0.37024432	-0.024085283	0.0012237297	0.067982435	-0.03467017	0.19714323	0.06984764	-0.06634971	0.028039634	0.037251383
54	-0.10121828	-0.101532385	0.105412945	-0.12995777	0.12081119	-0.19576533	0.012136249	0.002550304	-0.05492323	-0.65328825	-0.15403424	-0.20992589	0.06387921	-0.05025353	0.0045520747	0.12696578	-0.07562478
55	0.37892464	-0.08728265	0.096376896	-0.038697354	-0.309305	-0.05010925	0.30464163	0.17940392	0.18160577	0.48698646	-0.09716961	0.053614672	0.15028721	0.05826516	-0.47640878	-0.077554435	0.008560896
56	-0.35574007	0.14603066	0.3035245	-0.07245961	0.31645045	-0.009687943	-0.20035961	-0.15521464	-0.4175203	0.0933732	-0.2644782	0.22801834	0.27939034	0.08587708	0.09817349	0.15722334	0.062612325
57	-0.29633406	-0.33914074	0.09890402	-0.09336596	-0.22103639	0.08553633	0.014034335	0.22937763	0.01384639	0.029141562	0.10220121	0.104961045	0.20402908	0.043966424	0.051067363	0.077475935	0.22143589
58	-0.05227615	0.24607375	0.16108698	0.10407984	0.20270742	-0.28134963	-0.13102104	0.035412326	-0.09754755	-0.29041386	0.31878668	-0.06272819	-0.11718643	-0.051179335	-0.054406174	-0.16342841	-0.107645616
59	0.28270844	-0.10320021	0.15746191	-0.09634685	-0.29490274	0.17001265	0.10406031	-0.012339175	0.14298023	0.47831354	0.23449558	-0.051294744	0.11301826	0.097818814	0.7779647	0.1654678	0.16170132
60	0.0069673955	0.26246816	0.08586655	0.1546142	0.275491	-0.049193658	-0.16595419	0.030584753	0.18272431	-0.11587469	0.49643266	0.07966915	0.21741295	-0.050704677	0.111288615	-0.26099026	0.06516257
61	0.0641094	0.058836374	-0.12660371	0.16528901	0.2503144	-0.16721438	-0.05264507	-0.20982462	-0.095172964	0.024527349	0.0063611227	-0.08702613	-0.2378254	-0.18194963	0.06740986	-0.29121628	-0.38164136
62	0.1634463	-0.27264008	0.08660622	0.54183555	-0.020456923	0.19017547	0.03559819	0.084391735	0.2556465	-0.30039048	-0.4746987	-0.011941978	0.22149375	0.32364678	-0.15457588	0.30181903	0.40246248
63	0.12766254	-0.075504676	-0.012516588	0.14313276	0.0656667	-0.04740004	-0.17021304	-0.008679241	-0.0038474202	-0.047484867	-0.47022417	0.058523174	-0.09938435	-0.07636254	0.1772937	-0.16758582	-0.4063656
64	-0.011707053	0.068042696	-0.06008585	-0.021510126	0.07587062	-0.00036411628	0.20490965	0.24638075	-0.065211505	0.34048405	0.35957116	0.13447784	-0.15909114	0.046492077	-0.17745686	-0.05651878	-0.15695068
65	-0.32785395	-0.25887653	0.05804673	-0.6383213	-0.22569972	0.026316244	-0.20084476	-0.3032466	-0.009711509	-0.0004792245	-0.1953613	-0.09932698	-0.23008345	-0.19885533	0.30722225	-0.12898062	-0.026062563
66	0.3177111	0.031551275	-0.19545148	-0.44325408	-0.016932236	-0.22135441	0.26765585	0.22781834	-0.51114464	-0.22649398	0.14687571	-0.42037556	-0.16895579	-0.2442921	0.23242392	-0.19701907	0.08266024
67	0.22029187	0.11410321	0.029768407	-0.210347	-0.028485581	-0.06158341	0.09765145	0.22647524	0.24172346	0.17035787	0.28790966	-0.18151762	0.048092548	-0.18651217	-0.27439	-0.1511777	-0.21487159
68	0.30548257	-0.110814475	0.13530372	-0.17764574	-0.1382394	-0.2185432	0.09770051	0.12046221	-0.08495478	-0.27924156	-0.16239128	-0.18838896	-0.34688023	-0.22465019	-0.19193728	-0.1337399	-0.19077487
69	0.1383847	0.011696163	-0.054935932	0.25246587	-0.10299727	-0.021668917	-0.10980776	-0.13298848	-0.10739354	0.09323926	0.39809874	-0.1208988	0.077259466	0.06939242	0.111502565	-0.15003067	0.015702248
70	0.28463262	0.235967	-0.09760994	0.13479173	0.17669924	-0.2963023	0.20629333	0.44712186	-0.22901657	-0.027123626	0.069766015	-0.17767559	-0.26626205	-0.37377408	0.024878407	-0.23524892	0.0019313395
71	-0.13831942	-0.075683974	0.041602165	0.18483485	-0.0854792	-0.0719495	-0.31510445	-0.09908804	0.009762689	-0.08775197	0.32884082	0.012127196	-0.16247022	-0.08235058	-0.0462193	-0.15915483	0.028564513
72	0.15396893	0.21615808	0.19328722	0.517573	0.33633444	0.010637712	0.2909705	0.1829167	0.12840357	0.28609785	0.28658152	0.2028261	0.053485002	0.061530985	0.5609635	0.13042209	-0.11220753
73	-0.15033375	-0.44337404	-0.07127267	-0.08094768	0.124526724	-0.19055384	-0.026422948	0.14088047	-0.12304771	-0.30032444	-0.04823225	-0.30758873	-0.06489953	-0.13148801	-0.21113911	-0.027343765	-0.32310906
74	-0.24153122	-0.22420701	-0.4063982	-0.14982729	-0.18926658	-0.112918526	-0.082555205	-0.026524387	-0.07209105	-0.4395749	0.13907795	0.05419469	0.01726769	-0.07582442	0.04992117	-0.12427491	-0.110339716
75	0.06996688	0.14071365	-0.0751629	0.31037134	-0.06622553	-0.09907184	0.32322314	0.16708152	0.1259687	0.027871327	-0.0054505556	-0.02281306	-0.1699093	-0.060647048	-0.16304077	-0.043630548	-0.0036508143
76	0.031244263	-0.0032377678	0.037472636	-0.044899117	0.096770786	0.19357103	0.060971502	0.3837872	0.22261451	0.41226918	0.65393686	-0.056949824	0.18328649	0.07274713	0.42484197	0.12414296	0.09867671
77	0.32232243	0.4205072	0.24461624	0.18577309	0.055719685	0.14115174	0.086411774	0.29192808	0.1257906	0.14455773	0.09516129	0.03205254	0.20680875	0.24396569	0.26171863	0.34889114	0.04487729
78	-0.14196534	-0.08671067	0.068334304	0.43816188	0.41717136	0.06834628	-0.024904013	-0.038572356	0.15230417	0.36308798	-0.561344	0.18032394	-0.07836296	0.021046018	0.25511166	0.049436763	-0.03788784
79	0.12740667	0.008151608	-0.082492806	-0.21305716	0.14901528	-0.00045946668	0.25224978	-0.08157314	0.060826212	-0.2645422	-0.04540603	-0.032526545	-0.1928166	-0.07125264	0.26334697	-0.010112219	0.05535704
80	-0.07541999	-0.05081455	-0.046809364	0.18634672	0.073220395	0.072621144	-0.17194894	0.17449856	0.037958227	-0.021166362	0.115885876	0.2111917	0.100322	0.11114789	0.07118508	0.20246589	-0.083051935
81	0.49699166	0.16137211	0.12907413	0.62084883	0.21443214	-0.021192083	0.26370054	0.4614396	-0.012942361	0.17566194	0.067437515	-0.21206106	0.23401915	0.0731371	0.20423497	0.08229409	0.13880342
82	0.16775835	0.005460696	0.0850817	0.15173571	-0.0073540304	-0.1241956	0.077779606	0.30306965	-0.090394	-0.033093076	0.1352299	-0.28776512	0.21734348	-0.0860645	-0.1798404	-0.15156949	-0.014431044
83	0.035304874	0.34907067	-0.26624662	-0.20195094	-0.021862753	-0.041932773	0.08981651	-0.06255977	-0.0034237884	0.015979057	-0.4166357	-0.17930356	0.16295297	0.11180802	-0.6054295	-0.22737098	0.03675002
84	0.1790395	0.021758145	-0.089977324	-0.09962454	0.026903642	-0.028385565	0.21587701	0.36615324	0.074823834	-0.03472073	0.16450071	-0.1917878	0.056856766	-0.00621272	0.03136405	0.120635174	0.024439454
85	0.12103454	-0.23854256	-0.1872686	-0.115546204	-0.23188716	0.04908298	0.18605135	-0.07762114	0.1305936	0.14790435	-0.27433938	-0.105720274	-0.07150522	-0.16713686	0.11908319	-0.0613041	-0.23492956
86	0.06444378	0.002016585	-0.19796847	-0.9355277	-0.50873905	-0.073574424	-0.079904795	-0.07229541	-0.24916522	-0.26465404	0.21073772	-0.20373571	-0.118561074	-0.06552236	-0.2808061	-0.07771318	-0.027343247
87	0.022759318	0.2963075	0.12161013	-0.048948295	-0.2882564	0.07352475	0.121925816	0.14458314	0.060373556	0.48233393	-0.35948414	0.2440724	0.065202385	0.0835718	0.09247951	0.1096042	0.079749316
88	-0.31886226	-0.050434656	-0.12957038	0.41343594	0.1806087	0.088135235	-0.051870003	0.19546665	-0.20007527	0.04685014	-0.3359808	0.31581873	-0.007110536	-0.092856854	-0.13223518	-0.09609571	0.033781767
89	-0.121340446	0.046619713	-0.07463832	0.12472807	-0.28863403	-0.03218375	-0.047022894	-0.05090466	0.29940364	-0.06465298	-0.100169845	0.35788545	-0.06522182	-0.123766035	-0.43512377	-0.20337984	-0.14430961
90	0.2443255	0.23635352	0.26606297	0.23905058	0.021105748	0.029903252	-0.087623805	0.058926567	0.025893234	0.08781563	0.14971142	-0.2444575	-0.029952615	-0.08290806	-0.45786023	-0.022940338	-0.12994714
91	-0.05980941	-0.009064388	0.21285963	-0.42325088	-0.19483775	-0.070025004	-0.28110796	0.093646936	-0.10788735	-0.31514648	0.23630822	-0.09424203	0.051816136	0.012024957	-0.4047403	0.159448	0.0013883561
92	0.25853625	0.110756174	0.13707303	0.023975149	0.009702146	0.15322755	0.39697778	0.2042842	0.092428416	0.0050943526	-0.13464364	0.23902774	0.42489776	0.338365	0.3297072	0.23324901	0.12936419
93	-0.16423985	0.024587274	-0.22089185	0.31489462	-0.03507727	-0.17235824	0.044655144	0.12019541	-0.002856661	-0.52306956	-0.15518087	-0.07801695	-0.18516469	-0.27124238	-0.6440081	-0.23106514	-0.025756553
94	0.13508117	0.034280594	0.06105423	-0.115681134	-0.36462575	0.07350198	0.10638744	-0.47125915	-0.19491018	0.2717501	-0.12482192	-0.048007667	0.16309533	0.054493506	-0.32989556	0.05268438	0.14235458
95	0.13415626	-0.23073384	-0.25246882	0.25997016	0.0919332	0.1323218	0.17851335	0.2564963	0.23134124	-0.059893332	-0.19286664	-0.055143196	0.06875073	-0.088205986	-0.100251496	-0.09694639	-0.039068848
96	-0.37661424	0.03724862	0.12172079	-0.08632637	-0.055351622	0.090190895	-0.085488394	-0.069241546	-0.028209416	-0.03739734	0.31368032	-0.14980109	0.24888706	0.07329439	0.2259664	0.05737251	0.044409722
97	-0.098015495	-0.012572928	0.17020881	0.18772525	-0.31114393	0.007902289	0.017462373	-0.26014507	0.24769972	-0.19139184	-0.22922167	-0.21877745	0.008719675	0.024418237	0.14180326	0.14142871	-0.10727232
98	0.023060232	-0.0906682	0.14249189	-0.49956745	-0.23230259	-0.027886579	0.12032795	0.38907126	0.1521199	-0.19645669	0.0047944617	0.0065016034	-0.16567363	0.0036174443	-0.17161159	0.07654711	0.0102069825
99	0.23101799	-0.010198518	-0.059753	-0.18173511	-0.10128193	-0.046971392	0.24190399	0.09047682	-0.08653968	-0.3039617	0.24813943	0.21459177	0.097581506	-0.027803728	-0.18120618	0.018264621	-0.25722176
100	0.075962424	-0.039043806	-0.22905497	0.47223535	0.25581226	0.039197933	0.054101273	0.16224281	0.035328258	0.058117993	0.22264513	-0.2237748	0.097658664	-0.12582873	0.16277784	0.06409093	0.010799915
101	-0.10405788	-0.42114237	0.06948419	0.10012597	0.13165835	-0.12566729	-0.09508473	0.2927265	-0.057431243	0.1770037	-0.5695576	-0.029483465	-0.05247523	-0.032364246	0.026015623	0.04485789	0.13833271
102	0.12675911	-0.11342606	0.0753907	0.5855278	0.26210243	0.19803427	0.008199275	0.18677557	0.14290608	0.18637344	0.22406498	0.13303995	0.14065528	-0.0017323239	0.39037442	0.08812769	-0.120073035
103	-0.09873855	-0.03820679	0.054459125	-0.1967803	-0.4403808	-0.07599466	-0.1649077	-0.15968436	-0.03499254	-0.2100713	-0.046182703	-0.45302728	0.092822075	-0.075065754	-0.013110383	-0.11694147	0.10070217
104	-0.16297033	-0.004650831	0.025776982	-0.049076755	0.04412219	-0.21352856	-0.24195205	0.21675277	-0.09367583	-0.20043172	-0.16723272	-0.11292629	-0.06329307	-0.20323761	-0.1948497	-0.24959533	-0.032492995
105	-0.29051617	-0.16762884	-0.07938239	0.315843	-0.099634655	0.031963997	-0.3731557	-0.15442444	-0.21335056	-0.22257349	0.31508404	0.13894351	-0.102917105	-0.11734994	0.18170491	-0.13048515	0.03900238
106	0.08660223	-0.13678594	-0.2329727	-0.37159264	-0.47953314	-0.17345525	-0.1009131	-0.14786935	-0.41108364	-0.28750062	-0.090693854	0.10887929	-0.2619229	0.0076591726	-0.09715061	-0.08301713	-0.22527045
107	0.34882346	0.21592554	-0.056315146	-0.1438733	0.30565488	0.055884045	0.12268862	0.13333759	-0.16942935	-0.07597675	-0.08342834	0.17384431	0.14551249	0.021894788	0.11808515	-0.0600821	-0.008215353
108	0.19410044	0.30257607	0.08565895	0.2038249	0.011348163	-0.05540354	0.18091261	-0.24455707	-0.044906683	0.035725567	0.18143643	0.18697813	0.084638774	-0.013652274	0.16564654	0.024054915	0.08999568
109	0.14377779	-0.35707623	-0.13862771	0.08848059	0.11915814	-0.008392352	0.19682443	-0.03141179	0.10779333	-0.2720082	-0.19311161	-0.1120723	0.06937597	0.06428821	-0.12453155	-0.020748228	0.12833604
110	0.13050948	0.057168614	0.0108482735	-0.82085234	-0.22147721	-0.024104204	-0.12658115	0.026175246	0.24494523	0.028476536	-0.31418234	-0.3466416	0.21699804	-0.008638382	-0.09057797	0.039134942	-0.042059034
111	0.123177186	0.096558094	0.11964226	0.27605066	0.3927494	0.002389414	0.067759186	-0.12673542	-0.0034135256	0.23325469	0.4227263	-0.526147	-0.07972273	-0.082870446	-0.27000722	0.04356712	0.034392506
112	0.0632807	0.038988624	-0.2903323	-0.031229798	0.067370996	-0.1056952	0.07947904	-0.101786874	-0.16304001	0.28795546	-0.053381156	0.11389844	0.09622598	-0.10197481	0.19558424	-0.10207952	-0.06286612
113	0.07910001	-0.009585717	0.05699736	-0.24642925	-0.20279524	-0.10604408	0.00588745	0.03565845	0.03706339	0.08012841	-0.14413695	-0.06337677	-0.28019843	-0.13569131	-0.019368159	-0.15463753	-0.17397092
114	-0.30975807	-0.40999392	0.10545868	-0.15100347	-0.24597806	-0.061323456	0.09771325	0.19754653	-0.058800705	0.19667678	-0.12271181	-0.015740212	-0.08847709	0.0857865	0.063503206	0.12891924	-0.120215535
115	-0.012085855	-0.14828031	-0.09128995	-0.06118741	-0.31000882	-0.04147273	0.07651545	-0.21978188	0.07912532	-0.026804492	-0.0183974	0.08207782	-0.12310744	-0.0061483043	-0.41069514	-0.024190001	0.10376546
116	0.06710586	0.45314145	0.15602207	-0.2833779	0.093361005	0.0060496544	0.28720665	0.640158	0.25460747	0.032200444	0.02375364	0.1538901	0.30153322	0.15858422	-0.02320934	0.045370437	0.23974662
117	-0.11876878	0.4382489	0.16682495	-0.064623885	-0.24154851	0.055896014	0.36722413	0.2054251	0.16792198	-0.16165172	-0.112129495	0.41965747	-0.08761242	0.18609218	0.27863467	0.12777796	0.01679968
118	-0.22714727	0.0958691	0.19723491	-0.094916426	0.030970674	-0.071338035	-0.24784105	-0.26154828	-0.10822014	-0.115979575	-0.047340438	-0.18481882	0.0269351	0.112620555	0.0931409	0.132119	0.013164183
119	0.23498023	0.18423454	0.06838065	0.26332653	0.21077247	0.13750483	0.3363691	0.17895447	0.078621686	0.04041741	0.018451419	-0.16176562	0.0290429	0.09044247	0.23933595	0.19208005	0.17879702
120	0.44053844	0.5521785	0.25217804	0.51086617	0.27203077	0.09478064	0.25465718	0.06868689	0.31237075	-0.2839002	-0.23027237	-0.28812614	0.4425643	0.2745682	-0.09182671	0.24737427	0.1596924
121	0.22119427	0.017128006	0.12905765	-0.06264346	0.24587408	0.04812098	0.065161884	0.16549687	0.02162478	-0.27495238	0.29849076	0.14175865	0.0790616	0.22794613	0.25286567	0.12405654	-0.09955984
122	-0.08211758	-0.3035801	-0.119757116	0.42526183	-0.12866308	-0.071235746	0.0038707256	-0.1653219	-0.18459696	-0.026686754	-0.3530281	-0.0570233	-0.027775317	-0.07609572	-0.44133303	-0.20246372	-0.00033453107
123	0.5499151	-0.0051164683	0.36511374	-0.32692885	-0.022075493	0.26263255	0.5132052	0.64686364	0.3199706	-0.34799996	0.7999284	0.14497538	0.12975505	0.21347171	0.23159763	0.13762406	0.1483287
124	0.16706628	-0.0564727	0.046130277	-0.20313375	0.11652181	0.07257044	-0.0039269626	0.038621202	-0.21528804	-0.008649384	-0.14202082	0.30355582	0.065663695	0.026207514	0.24816045	-0.023150876	0.0023906976
125	0.08231825	-0.0921219	0.14922413	-0.123001866	-0.4672275	-0.00020343918	0.10281251	0.35485673	0.019934753	-0.12254399	-0.52480197	-0.1211116	0.098003715	0.070194535	-0.038630847	0.041735843	0.012984633
126	-0.08586573	0.24590859	0.115817524	-0.16426273	-0.16351333	0.18640035	-0.06298421	0.34305394	0.22055401	-0.24211429	0.44282785	0.3629495	0.26257312	0.12837519	-0.3512275	-0.013966858	0.018713176
127	0.05950778	0.10278247	0.15173592	0.5059512	0.20906392	0.066703185	-0.14606825	0.09271747	0.14881396	0.3118414	0.10305389	0.02610172	-0.060456485	0.2054184	-0.09198189	0.18193822	-0.013954073
128	0.10186835	0.4512907	0.06629274	-0.16877456	-0.25674424	0.05522924	-0.08355215	0.0911551	0.31108359	-0.34900588	-0.35195944	0.017045822	-0.076671585	0.092349455	0.29043278	0.16210255	0.017909184
129	0.33835888	0.18300308	0.04136256	-0.22044097	0.28688806	0.11257518	0.27136034	0.38046238	0.13898925	-0.2267419	-0.1968625	0.23556279	-0.029264629	0.12774499	0.18974933	0.06258628	0.18022572
130	0.39743283	-0.10369686	-0.11031654	0.24310142	0.5317947	0.047646813	-0.053043053	-0.09167874	0.17772484	0.2288906	0.010031377	0.09924614	0.07976205	-0.17515536	0.0414187	-0.07998069	-0.06176822
131	0.36458054	-0.04815361	0.03447616	0.32142445	0.24543546	0.08548221	0.051283836	0.39233917	0.054332376	0.0032765898	-0.1129304	-0.044246785	0.05232483	0.089941524	0.32777098	0.1318365	0.13785204
132	-0.058077738	0.16895147	0.087089464	-0.046434484	0.12040646	-0.1448936	-0.30339658	-0.4142142	0.089570045	0.43146038	-0.26383498	0.015193392	0.0895959	-0.024981517	0.26482683	-0.07738806	0.11028394
133	-0.16479579	0.042421795	0.06759824	-0.41439518	0.11637314	0.009807775	0.029091194	0.20755455	0.2421214	0.12376567	-0.46906078	-0.049545832	0.0700773	0.033565335	-0.087267436	0.020312518	0.067949615
134	0.22736916	0.16224459	0.020334318	0.4664752	0.22801985	0.08258486	0.1463747	0.3629214	0.11923476	0.45620468	0.40631217	-0.25860074	-0.20729014	-0.1213639	-0.29147938	-0.04148849	-0.09346613
135	-0.26017234	0.07427697	-0.08069953	-0.14016259	0.33102363	0.039254386	-0.01041697	-0.20364086	0.062396042	-0.0777064	0.25022689	-0.14456888	-0.11461005	0.059703223	-0.05355614	0.020524353	0.065265946
136	-0.3417315	-0.12254445	0.11125298	0.14301975	0.048125282	-0.100438006	-0.09554243	-0.10517637	-0.04900838	0.00064259453	-0.07990768	0.015083608	0.25129816	-0.06001597	0.18182491	-0.11309753	0.08129102
137	0.08002006	0.04062876	0.07964409	-0.11293569	0.035441622	0.16532259	-0.016103089	0.15437889	-0.21631177	-0.038538504	-0.014554808	0.32333204	0.06827302	0.13908333	-0.11983024	0.14639331	0.07446936
138	0.42145246	-0.3468174	0.11820035	-0.5817278	0.07795468	-0.030841025	0.21725248	-0.13441649	-0.22719714	-0.56796026	0.37689173	0.18911588	0.046418637	-0.05639045	0.20308755	0.080112875	-0.14987525
139	0.07755024	0.02991526	0.14275602	0.33073148	0.28736377	0.10315229	0.36548346	0.4320985	-0.053168744	0.08826866	-0.05870197	0.2753535	-0.021613168	0.1507254	0.1631727	0.036849532	0.2721249
140	-0.11709414	0.18743889	-0.16238567	0.1561828	-0.052194938	-0.046583638	0.10367145	-0.3159473	0.05995614	-0.0332237	0.1855878	0.42204675	-0.09477843	0.0955011	-0.27460435	0.13639784	-0.24041912
141	8.8237226e-05	-0.07781114	0.048048645	0.2268282	-0.031246351	0.11210814	0.071429335	0.11907929	0.002438957	0.4956002	0.17492108	-0.020603627	-0.011308983	0.05537775	0.059834786	-0.009795483	0.10925897
142	0.048831105	0.36111397	0.20329018	0.4630117	0.26856595	0.15415823	0.15473492	0.43964863	0.20858328	0.1769809	0.24453487	0.07490538	0.065822884	0.05127849	-0.12365664	0.117788345	0.18610582
143	-0.06694168	0.28973404	-0.18650384	0.13057202	0.17025569	-0.05030914	-0.04441698	-0.181989	0.09573013	0.3036295	-0.18717358	-0.18078265	-0.03758809	0.03711337	0.41870338	0.13547325	0.2563935
144	-0.15072682	0.20217176	0.06834191	0.48986608	-0.1580642	0.14852738	-0.045747172	-0.06621879	-0.05450456	0.6024405	-0.026511015	0.53808916	0.21715465	0.017115671	0.09362508	0.22890308	0.26598734
145	-0.016445488	0.41688818	0.11871894	0.3960128	0.20291287	0.2286964	-0.041135997	0.050084025	0.23263209	0.37337053	0.56029874	0.440265	0.07654059	0.22476216	-0.09187143	0.21230659	-0.03376936
146	-0.04177475	-0.0427334	-0.2184357	-0.12320924	-0.47911957	-0.05603563	-0.25878	-0.32225606	0.16189425	-0.021121612	0.10213174	0.013502388	0.06959239	0.046822123	0.46739	-0.07977937	0.035853893
147	-0.320769	-0.18465012	0.08096899	-0.07793342	0.07373279	-0.072966486	-0.09271701	0.11150568	-0.061373685	0.1619585	-0.3641413	0.23278631	-0.12947497	0.03551432	-0.20346473	0.13830772	0.0462245
148	0.054874018	-0.29682168	0.115755774	0.45945695	0.4260542	0.001816656	0.016527573	0.17643884	0.03691125	0.105229184	-0.14516656	0.14150587	0.07839374	0.06578457	-0.051064987	-0.07611376	-0.09693703
149	0.26396698	0.079863444	-0.08619581	0.20966381	0.201888	-0.01569369	-0.122744024	0.077105194	-0.0227296	0.30591533	0.33817938	0.086172774	0.19481376	0.09490745	0.019171156	0.028563365	-0.022180587
150	0.41443688	-0.13204777	0.016645417	0.7055982	0.67487174	-0.060219973	0.12470404	-0.10754599	-0.07902165	0.36306825	0.32876915	0.040770013	0.06602479	0.13324627	0.2547919	0.114414796	-0.009310871
151	0.01585088	-0.064754784	-0.07335043	-0.083912626	-0.058499787	-0.1904373	-0.11255287	-0.17206874	-0.31310564	-0.46380118	0.04915488	-0.49152586	-0.32921892	-0.071156554	-0.024781572	-0.15454611	-0.17216092
152	0.24940462	-0.005734975	-0.017962353	-0.12972315	-0.22147831	-0.075072944	0.3213797	0.29525986	-0.081870645	-0.100083165	0.4716123	-0.14282508	0.12042776	-0.07788985	0.059539698	-0.08326715	-0.005217612
153	-0.19043365	-0.19452767	-0.03609687	0.27120554	0.4208225	-0.0032815211	0.006601423	-0.25145364	-0.025640791	0.13100985	-0.32519042	-0.37404704	-0.054115534	-0.06756603	0.103313595	-0.057167456	-0.087209105
154	0.07303418	-0.46755722	-0.013199389	-0.020937908	-0.2366449	-0.0792557	0.06484721	-0.10899721	-0.22911133	-0.24684349	0.14239092	-0.3065862	-0.043915793	-0.07130044	-0.13681193	-0.099351645	0.16377804
155	0.31604928	0.009366008	-0.07947475	-0.044778664	0.17260346	-0.07832434	-0.10889444	-0.008195996	-0.4158598	0.29756823	0.36342925	-0.19148587	-0.4065927	-0.070123896	-0.44301713	-0.17063424	-0.17479774
156	-0.37851226	-0.3382757	0.11069067	-0.077765256	0.21454397	-0.11072979	0.010848671	-0.01780802	-0.076673046	0.13403067	-0.038508605	-0.0127660865	0.13174899	0.031689502	0.009710339	-0.07175748	0.10674785
157	-0.03984183	-0.16226916	-0.0455654	0.47942883	0.42176223	-0.09370463	-0.028335944	-0.31894815	0.043927655	0.0025522646	0.13565251	0.06666533	0.042697787	-0.059157144	-0.23327157	-0.051497445	-0.11913514
158	0.015135914	0.2801004	0.5358278	-0.14733714	-0.067078695	0.26283953	0.16727246	-0.2962067	0.007308234	-0.1601521	-0.048778757	0.21989523	0.12823802	0.14292803	-0.14749831	0.26567993	0.115785494
159	0.23756476	-0.085828766	-0.01106894	0.14258525	-0.24543168	0.010339584	0.48490316	0.6215848	-0.030565988	0.15248516	0.75589097	-0.059787467	0.36508936	0.060210973	0.35784832	0.018799156	0.28103912
160	-0.021253496	-0.0114459945	0.08170642	0.12572221	-0.037975233	-0.09500005	-0.38851574	0.036875725	-0.19266848	0.12716028	-0.22650465	0.008104669	0.014190137	-0.121239156	0.28132725	-0.2722022	0.031466633
161	0.11090134	0.14538865	0.17231832	0.32004544	0.35864267	0.17295232	0.4192478	0.5110202	0.12633082	0.17592639	-0.03461172	0.14288443	0.2895528	0.14737351	0.69285816	0.12680483	0.08957232
162	-0.21091433	-0.18250509	-0.2441017	-0.10544936	0.24604	-0.05394903	-0.17268318	-0.3791098	-0.24818704	-0.17018338	-0.062584676	-0.027982006	-0.14102519	-0.0693221	-0.48166263	-0.0210445	-0.07640836
163	-0.19398054	-0.080826186	-0.040373713	-0.15815271	0.027323341	0.15056464	-0.067313015	-0.2535047	-0.02016357	0.33009714	0.118787594	-0.016700463	0.14470817	0.08445751	-0.19054666	0.058830917	0.09193918
164	-0.21373935	0.18418954	0.32502866	-0.21728088	0.20741925	0.22815031	-0.11283118	-0.1976832	0.3443016	0.6969532	0.6969691	0.26197174	0.1752885	0.1556729	0.80364496	0.30213436	0.10972008
165	0.47838157	0.08954475	-0.004518315	0.12173596	0.09322056	-0.16589329	-0.023909956	0.07127291	-0.034356315	0.23449112	0.2922024	0.18509497	0.26787636	0.02401318	0.30656296	-0.035255484	0.108249456
166	0.020691067	0.027561665	-0.023625433	0.78763884	0.6115599	-0.080073975	-0.11550336	-0.18571104	6.208095e-05	0.32141647	-0.17626706	0.09643309	-0.19957462	-0.11073099	-0.039871115	-0.09595247	0.044846326
167	-0.27895653	0.048145514	-0.13360748	-0.6341932	-0.3711124	-0.07624766	-0.32136172	-0.4102645	-0.072090685	-0.09006113	-0.28846326	-0.044005524	0.072209865	0.07585108	0.05332547	-0.039081857	-0.10261679
168	0.04070674	0.12309078	0.11442282	0.52911556	0.20477071	0.13422531	0.20107321	0.074624	0.3280331	0.18371916	0.19057207	0.18557058	0.053943112	0.16276608	0.4674255	0.20368783	0.011195153
169	0.05375023	0.06012221	0.13293982	-0.03627462	0.05030741	-0.0936256	0.20898551	-0.010926947	-0.28308317	0.059372205	0.4294077	-0.09597337	-0.20462868	-0.08547319	-0.05093773	-0.1786856	0.12233124
170	-0.14795774	-0.22112517	-0.13098215	-0.17111401	0.039819352	-0.065383844	-0.20854208	-0.40576392	-0.20779869	-0.27659497	-0.430206	0.17311436	-0.2756884	-0.19667883	-0.12105731	-0.26187712	-0.21443571
171	-0.20099917	-0.28871885	-0.201301	-0.19446118	0.04606357	-0.014181087	-0.18056425	0.032284956	0.028661715	-0.17757307	-0.4719934	0.18047991	-0.045307428	-0.077684574	-0.2601086	-0.11006351	-0.008580074
172	-0.36718228	-0.28493762	-0.084632844	-0.2205505	-0.56613684	-0.06793659	-0.22478881	-0.4146186	-0.3094017	-0.23946717	-0.08864603	-0.7148553	-0.40482828	-0.06719365	-0.2716332	-0.15693952	-0.2001861
173	-0.08234933	0.012086349	0.055784583	-0.06961956	0.14340948	-0.038283017	-0.35432386	-0.3186559	0.07613767	-0.17872724	-0.20376697	-0.1272279	0.122301966	-0.077250145	0.27736565	-0.028803494	0.076398134
174	-0.0072885007	0.043696027	0.024583299	0.07766263	0.10306522	-0.08451419	0.057972014	0.036945	-0.08589387	0.010425442	-0.43119466	0.18490659	-0.07310465	-0.10460725	-0.071461804	-0.23872174	0.06923392
175	0.32906443	0.046500728	-0.031059176	0.11247869	-0.16913843	0.11081994	0.23497415	0.18085259	0.29857707	0.17313348	0.3419805	0.06727298	0.11057332	0.12911816	0.23086698	0.1559368	-0.0002718866
176	0.13280198	0.12628946	0.17107351	-0.15311699	-0.1602409	0.06880427	0.109989	-0.17671481	-0.0129652405	0.06433179	-0.6067679	0.05168319	-0.19826144	0.009959472	0.29938748	0.0087185055	-0.14671269
177	0.09167391	0.31852272	0.016382225	-0.25554922	-0.18414025	0.19402401	0.27061403	0.29048604	-0.05299148	0.01865607	0.31391892	-0.06690649	0.29005876	0.24678496	-0.16232277	0.24053037	0.0020822734
178	-0.09770394	-0.07972834	-0.0070789754	0.028717892	-0.2722873	-0.0693732	-0.21412721	-0.32079357	-0.14978819	0.07111113	-0.5689658	-0.14706083	-0.19438307	-0.0021381574	-0.021593878	0.121390805	0.10946244
179	-0.42711627	0.19099511	-0.038920775	-0.15992114	-0.26910788	-0.043397978	-0.34127098	-0.17584534	-0.044949718	-0.45939627	-0.018866755	-0.07821748	-0.27404112	-0.026336279	0.18577251	0.13727875	-0.026161492
180	0.18563485	-0.0052602403	-0.04121845	-0.17229065	-0.28832397	0.15402177	0.14516248	-0.36506182	0.073995225	0.05142064	-0.1636886	-0.09549397	0.0019843169	0.04518218	0.019553185	0.01592673	-0.03565973
181	-0.23836449	0.20220423	0.13560599	0.45495978	0.35658443	-0.10171728	-0.20069692	-0.17765613	-0.16588409	0.17498799	-0.014321515	0.006045819	0.068303615	0.02776238	0.41418236	-0.013386251	-0.20662421
182	0.17721961	-0.08161231	0.045141816	-0.7265618	-0.24673602	0.049784902	-0.13603711	-0.10033053	-0.28257254	0.14242896	0.46773618	-0.38081226	-0.1782504	-0.048842803	-0.41295722	-0.06904456	-0.017169446
183	-0.06983712	0.032337375	0.39547056	-0.0067138756	-0.08976413	-0.010005479	-0.024438448	0.0258217	0.19356583	-0.3913033	0.45730102	0.21718897	-0.1339738	0.10952798	-0.09266143	0.103034236	0.144907
184	0.028843995	0.055463813	0.08459584	-0.40681008	-0.027698006	-0.033709884	-0.28123546	-0.20851165	0.040774357	-0.2698872	-0.1663106	0.25150102	-0.11316791	-0.032948017	-0.30530956	-0.07207115	-0.01813318
185	0.26076257	0.30722886	0.12960179	0.85519856	0.48222697	0.29018247	0.17943339	0.46553645	0.13921037	0.60786235	0.42306867	0.07402713	-0.08205828	0.24045207	0.112687536	0.27961892	0.26558483
186	0.26746702	0.026640942	0.074091546	-0.3903822	-0.122047275	0.025405379	0.27596426	0.007507518	0.117488384	0.04324327	-0.17672843	0.11396939	-0.13166681	0.18437275	0.26856434	0.1915657	-0.07169232
187	-0.6758954	0.008376056	0.050129283	-0.30898187	-0.68763036	-0.09491895	-0.4204929	-0.39041233	0.02963244	-0.20804904	-0.1443144	-0.023476765	-0.017087914	-0.1520549	0.15516166	-0.13809854	-0.32038027
188	0.1293295	0.2893745	0.13504899	0.60837436	0.6452982	0.09387588	0.06258805	0.029727176	0.029503271	0.28962377	0.31328693	0.20624821	0.06019318	0.11377574	-0.12680566	0.07139298	0.09019844
189	-0.06026259	-0.14336659	-0.06909913	0.24653544	-0.06122367	-0.05542297	-0.10502746	0.100285426	0.025320796	0.018323788	0.4468133	0.15824069	-0.28280362	0.047390055	-0.1442257	-0.031547762	0.038956523
190	0.19647418	0.285377	0.0042037964	0.050089125	0.08450038	-0.05941879	0.18763143	0.2692194	-0.03939838	-0.18037981	-0.15089324	-0.25653553	-0.10856906	-0.001730621	0.14873473	-0.03529884	-0.13263741
191	-0.13324718	-0.2100005	-0.19652763	0.54170024	-0.09326576	-0.08254198	-0.2507952	-0.34787735	-0.0870892	-0.14972927	-0.48080143	-0.32608846	0.08554949	-0.1647729	-0.10237698	-0.07460907	-0.08294374
192	-0.05179671	0.21198139	0.052231878	0.06503202	0.006967682	0.09404815	0.025647655	-0.27320004	0.313107	0.40803108	0.13018087	0.2752025	-0.106866375	0.19182321	0.10529008	0.20415157	0.28167325
193	0.64002514	0.0011263869	0.21959108	0.26937735	0.51299417	0.05942163	0.16667503	0.118093014	0.14639285	0.53429383	0.21115269	0.06062651	0.19297859	0.17582127	-0.21727309	0.07185039	0.09575099
194	-0.25804713	0.10148022	0.07652885	-0.08601619	-0.3186947	-0.032564096	-0.13414437	-0.054150164	-0.10493182	-0.43447906	0.10274204	-0.13367401	-0.06404629	-0.043354344	-0.3748572	-0.06867183	-0.21677367
195	-0.05643709	0.15726674	-0.13690725	0.33479553	0.093877025	-0.00620174	-0.42008716	-0.14722762	0.07354887	0.2812776	0.08505066	-0.1497442	0.039204385	0.048313398	0.16841063	-0.041217294	0.03676855
196	-0.3491042	0.12552403	-0.09007907	0.12855731	0.14450145	-0.009527377	0.036312938	0.009900786	-0.09715153	-0.50862175	-1.6459398e-05	-0.13319032	-0.07196282	-0.05466271	-0.29480636	-0.08705743	0.0024270117
197	-0.056549534	0.017386178	0.039593056	-0.18442564	0.033621244	0.09243851	0.1726244	-0.13145697	0.22760923	-0.0485869	-0.283648	0.047199603	0.014299601	0.026948836	0.35414726	-0.116652496	0.073605105
198	-0.4181937	-0.39130768	-0.1971343	-0.5079797	-0.5205678	-0.16994794	-0.7142136	-0.10458928	-0.1750687	-0.45193592	-0.5512196	-0.26221862	-0.18932791	-0.17521748	-0.34787434	-0.20257187	-0.3485675
199	-0.15609038	-0.23306926	0.08861247	0.2031133	-0.43893012	0.0003890438	-0.1479483	-0.3848186	-0.21136904	-0.21203634	-0.30626267	-0.1351852	-0.23110613	0.12020137	-0.24904458	0.07318805	-0.023093313
200	0.3374497	-0.34994635	0.052963376	1.2068107	0.63554424	0.1918748	0.58207786	0.6097537	-0.19015196	0.52832514	0.21757567	0.052869696	0.09239106	-0.014748114	0.39922065	-0.073497325	-0.08219072
201	0.27069783	-0.17996787	-0.15248887	-0.2661181	-0.29721305	-0.025048155	-0.15923107	-0.3838511	-0.11867084	-0.07566447	0.44203648	-0.021927541	-0.004549358	-0.04627886	0.21179384	-0.27950722	-0.105578
202	0.06708493	0.083442055	-0.3454836	-0.04986542	0.07530009	-0.118435845	0.016540855	-0.1677993	-0.31332618	-0.49060366	0.28124666	0.29586288	0.078846276	-0.04432131	-0.35735244	-0.17392778	0.029198408
203	-0.078502215	0.29595262	0.074472174	-0.21931468	-0.1148295	0.027878525	-0.09107209	-0.19622162	-0.039105613	0.3743614	-0.23503801	-0.10009224	0.10808006	0.11319653	-0.09149452	0.06400482	0.092548534
204	-0.063216716	-0.44440344	-0.27969185	0.31547597	0.10469389	-0.034023814	0.018593743	-0.18010783	-0.18573737	0.29655313	-0.111665115	-0.009671272	-0.13524938	-0.013909055	0.12603283	-0.05039382	0.26643634
205	0.098720066	-0.042711455	-0.07452062	0.22389172	-0.061849996	-0.046866216	0.0458342	0.28655922	0.110300645	-0.08971709	0.12810284	0.03446409	-0.021384828	-0.16024545	-0.26430452	-0.044425946	-0.13040167
206	-0.30312404	-0.20967168	-0.21438149	-0.35360944	-0.23248404	-0.09008999	-0.28081477	-0.20139433	0.04918558	-0.33143386	-0.047946315	-0.07414924	0.1744928	-0.023832334	-0.07841321	0.008486778	-0.14764383
207	-0.00825879	0.057005115	0.1457719	0.18083926	0.10415077	-0.034416523	0.18501723	-0.044741005	0.21491879	0.024000525	-0.28117296	-0.08590448	0.04010114	0.011908753	-0.1651525	0.06514719	0.20990181
208	0.023457512	0.28299066	0.18845955	0.7763959	0.44157168	0.25534296	0.03224781	0.23262435	-0.23672165	0.6443864	-0.102239996	0.17435317	0.21758349	0.044407092	0.38659984	0.075381234	0.17682022
209	-0.31881785	0.20527832	-0.12054521	0.5660308	0.1942035	0.09677821	-0.0015265346	0.2219806	0.28303498	0.43693393	0.48647773	0.06749244	0.4221374	0.102516286	0.47460195	0.111243784	-0.07810937
210	0.33017793	-0.059616003	0.1929718	0.5975443	0.93946207	0.20841143	0.16549124	0.14787227	0.10398625	0.5432191	0.058898978	0.23202167	0.28144163	0.2365979	0.4080158	0.249705	0.15883127
211	0.14170134	0.0934349	0.089923024	1.0867722	0.06251031	0.02969283	-0.020355456	-0.21581078	-0.11651734	0.158994	0.31145245	0.15096174	-0.13084082	0.10220282	-0.3168047	0.16696262	-0.12386325
212	0.24437527	0.023971384	0.11084992	-0.22253606	-0.15563169	-0.015943494	0.10413605	-0.12489878	0.07138995	-0.32273006	-0.27819115	-0.2517794	0.09256176	-0.008918211	0.31128845	0.040472314	-0.036650956
213	-0.41334352	-0.0827434	0.23913512	0.33684504	-0.148764	-0.03577858	-0.19742346	-0.0492025	-0.013091727	0.06208637	-0.27901006	0.0657098	-0.025292829	-0.05341251	-0.2660973	-0.14532997	-0.03591609
214	-0.18534277	0.026891654	-0.05817662	0.103728	-0.14295608	0.0021559	-0.25134772	-0.6793804	-0.114871286	-0.19072245	-0.41890928	0.16835704	-0.2080957	0.06603141	-0.2782978	0.016763419	-0.08090585
215	-0.32691297	0.13383117	-0.15256444	-0.08005727	-0.050093837	0.080245815	-0.13146849	-0.36802036	-0.16951965	-0.14324382	-0.38017166	-0.12061229	-0.015356928	-0.10561904	0.2068757	-0.112726204	-0.052341584
216	-0.12416574	0.083347104	-0.049996715	0.26393053	0.14265783	-0.03135526	-0.06753898	-0.13738552	0.118207686	0.04458627	0.58890504	0.32094386	-0.300706	0.09935449	-0.15507838	0.017435126	-0.04318285
217	-0.18198155	0.39385766	-0.29805672	-0.5837192	-0.4330221	-0.22676381	-0.11853127	-0.40096885	-0.16995077	0.3442743	-0.5410987	-0.20547616	-0.007047467	-0.26360327	-0.12620929	-0.1917664	-0.15263894
218	-0.275811	-0.09042675	-0.1642828	-0.14630666	-0.27161208	-0.11578932	-0.00047115982	0.014358565	-0.025375549	-0.31643096	-0.19047019	-0.2727401	-0.008604333	-0.13578916	0.21550359	-0.044960957	-0.12675652
219	0.31204972	-0.14363265	-0.053028315	0.63202405	0.15931678	-0.05957872	0.36872816	0.071617156	0.028969787	0.44314507	0.17800966	-0.63697964	0.043435246	0.029792702	-0.37675437	0.08563766	0.13355258
220	-0.24644144	0.02927815	0.057366908	-0.31394753	-0.04896288	-0.07441976	-0.1383937	0.08821482	-0.011381822	0.24908935	-0.041498303	-0.018258583	0.13337241	-0.0049288035	-0.24299486	0.07934122	0.04598952
221	-0.18277991	-0.09060594	-0.12153707	0.009849183	-0.18405728	-0.12870733	-0.024653934	-0.005584359	0.00898525	-0.2263591	-0.2461278	0.20878142	0.0558078	-0.03290271	0.10661459	-0.046213105	-0.06391432
222	-0.08043654	-0.11698849	-0.27409548	-0.6158111	-0.33137548	-0.10199409	-0.013609298	-0.24926364	-0.100309946	-0.4184962	-0.20338407	-0.16301711	-0.10395619	-0.048589837	-0.19684131	-0.20254534	0.12743852
223	-0.080790386	0.24277544	-0.12438282	0.0074722483	0.1441934	0.06496854	-0.10761067	-0.08635301	0.19523509	-0.13237834	0.06778248	0.34110695	0.042600438	0.1460895	0.3247621	0.26274097	-0.10520381
224	0.026285619	0.2058182	0.30366457	0.03971862	0.09942916	-0.07038836	0.14113146	0.038054466	-0.26481563	-0.35470232	-0.30410647	-0.0035261856	-0.19164954	-0.033256844	-0.5155124	-0.09105313	-0.12273717
225	0.172712	-0.063298345	0.0038797557	-0.34916452	0.067325324	-0.04013054	0.029727548	-0.20062986	-0.11915624	-0.5457083	-0.2260317	-0.20059076	-0.05732011	0.07407641	-0.4093401	0.07772078	0.0815095
226	-0.32094967	-0.35643375	-0.11727449	-0.00036042533	-0.09152701	-0.14739895	-0.030724913	0.03082776	-0.23741905	-0.12116815	0.27626666	-0.63374037	-0.20715488	-0.18396208	-0.25866053	-0.15454492	0.055436507
227	-0.00936535	-0.23441045	0.3007946	-0.29442376	-0.679031	-0.09883895	0.23215008	0.35119992	-0.29037443	-0.20470442	-0.050911073	-0.32387567	-0.025885921	0.03973089	-0.44414228	0.042321377	-0.18559742
228	-0.01805291	0.03862639	-0.014036879	0.35214093	0.25244632	0.11613549	-0.006569563	0.05201447	0.07701661	0.4641299	-0.09095916	-0.15215316	0.038309496	0.0035700458	0.05627723	0.11742357	0.107269645
229	-0.0037561134	0.038826946	0.0051858425	-0.10981825	0.12591681	0.15870824	0.10441112	0.0023551285	0.13312542	0.103600055	0.22996616	0.52263105	0.0410859	-0.029934932	-0.0501561	-0.08604148	0.098527364
230	-0.08350116	0.20895657	0.014407674	0.2751627	0.09800509	0.06929989	0.11081925	-0.099698976	0.18051738	-0.17477854	-0.0270159	0.37599674	0.23982635	0.13166592	0.38641924	0.08761084	0.06621967
231	0.10919857	-0.007720709	0.056016564	-0.09763981	-0.09962256	0.031897265	0.016596854	0.09322217	0.33469266	-0.111806065	-0.31164023	0.037170164	-0.033461437	0.18358244	-0.046327177	0.21365172	0.22511989
232	-0.0074429214	0.051788196	-0.24088345	-0.7796283	-0.19307551	-0.028738104	-0.24005619	0.28334826	-0.18891771	-0.21260954	-0.0892204	-0.19642721	0.03593275	-0.12839328	-0.116812855	-0.13597305	-0.19452214
233	-0.17029636	0.04525873	0.034850042	0.20861262	-0.40771836	-0.08463381	0.017119959	0.17708679	0.05699694	0.1622833	-0.16040826	-0.010493704	0.114892185	-0.02722713	-0.38719827	-0.029986978	-0.05884214
234	-0.061548054	-0.16008905	-0.17189614	0.016491089	0.28015366	-0.14864025	0.09985883	0.15530378	-0.22412327	0.12649544	0.019778755	-0.0032203775	0.17574297	-0.055763096	0.021695567	-0.021052927	0.060798228
235	-0.048034854	-0.022751838	-0.042361602	-0.12743106	-0.0047651404	0.113978304	0.31431952	-0.037914194	0.057391364	-0.56268805	0.34090626	0.38884425	0.036293693	-0.015631659	-0.04002614	0.026222497	0.08935028
236	0.03635232	0.08602987	-0.1746794	-0.026092725	0.18307284	0.072688006	-0.025396481	0.25228217	-0.092850536	-0.071228795	0.17523412	-0.3363328	-0.034194782	0.018481094	0.39228696	-0.06374118	-0.050251245
237	-0.061707143	-0.21987922	-0.23827735	0.25418922	0.02525643	-0.06575187	-0.10787392	0.2563067	-0.07324073	0.12464391	0.023363305	0.17878923	0.13228601	-0.09607789	0.19011232	-0.083649	-0.07588452
238	-0.007404566	-0.09566049	-0.01851511	0.48779574	0.03074065	-0.013296208	-0.24260539	-0.39742386	-0.06643556	0.18050684	-0.01868675	0.053023286	-0.15981859	0.0108906375	-0.115190946	0.016565546	-0.13477519
239	0.030457165	-0.14513257	-0.015014373	0.19590032	-0.048967063	0.08516438	0.30304292	-0.056965515	-0.097719304	-0.19027117	-0.25021827	-0.25512686	-0.0012274384	-0.030878367	0.055412516	0.04354102	-0.1939717
240	0.03315264	-0.17766683	-0.21178944	0.0998037	-0.08751304	0.025052868	0.15428421	0.20629813	-0.026805103	0.3398067	0.077339254	0.31543803	0.14254902	-0.08280449	-0.3905118	-0.039011825	0.0008947551
241	0.113805175	0.06758091	0.16821831	0.07588857	-0.17072845	0.016866617	0.08370598	0.16840997	0.0572818	-0.034815677	0.2013394	0.09662166	-0.025759347	-0.035578296	0.17912647	-0.009974718	0.24308641
242	0.2537812	0.013157617	0.12561367	0.0013113444	0.024111018	-0.045257237	0.06319103	0.22099045	0.15476997	0.03999204	0.26951584	0.105107106	0.15796463	0.17598504	-0.2505588	0.13426813	-0.042496324
243	0.23103741	0.091871426	-0.11843315	0.46580595	0.09130887	-0.04292517	0.1530842	-0.03245204	0.040247064	-0.27392587	0.09065108	-0.033729628	0.13580148	0.04457669	-0.052618485	0.063209064	0.016901039
244	-0.14051867	0.03180358	0.29392552	-0.014175789	-0.441687	0.123293675	-0.011504501	0.16025122	-0.15614443	0.30406025	-0.6086728	-0.010730724	-0.06582477	0.20948619	0.14345059	0.22825281	0.15118349
245	0.23620754	0.31730205	0.30496466	0.43850225	0.40994114	0.13012385	0.18101475	0.07732624	0.03546643	0.39544863	0.19998299	-0.0154254725	0.1936079	0.20219442	-0.21811336	0.14843507	0.037474692
246	0.26996332	-0.20713027	0.36829185	0.322935	0.23064245	-0.015320199	0.43652838	0.55540514	-0.05528048	0.1479842	-0.09338152	-0.16969635	0.22162989	0.11986806	0.1717365	0.032925814	0.13201192
247	-0.0810363	0.3679528	-0.0016440749	0.5855205	0.06583861	-0.13942778	0.06448877	0.3565498	-0.0016932379	0.4481099	0.3876938	-0.2026696	0.12748615	-0.12282194	-0.029254686	-0.19012459	0.052853823
248	-0.115669906	-0.14250307	0.13447754	0.21701448	0.276253	0.08976363	0.10644354	0.18810438	0.15163553	-0.5979187	0.45256045	-0.036292322	0.13666683	0.13081807	0.1262512	0.19837826	-0.15011247
249	-0.1450494	-0.24335527	-0.17843306	-0.14126772	-0.1798574	0.08217217	-0.3956077	-0.23345375	0.14044869	0.1620271	0.09686981	0.038776807	0.2897811	-0.04739585	-0.11160374	-0.22368762	0.025234789
250	-0.00605987	0.34946308	-0.04113722	0.25655705	0.327491	-0.081917726	0.0331001	0.22922021	0.022603361	0.17421092	-0.117094845	0.15851851	0.19073573	0.051790103	-0.10846036	0.00018846989	0.024909675
251	-0.39337295	0.33571893	0.2905314	-0.5245088	-0.07606846	-0.011688454	-0.09685369	-0.059479836	-0.024509171	-0.23555575	-0.27010775	-0.04027574	-0.135262	0.24328166	0.15673494	0.17404711	0.040340126
252	-0.0049904436	0.11633869	-0.033820536	-0.19645506	-0.10901888	-0.11742183	-0.079485536	-0.203592	-0.029928368	0.087039135	-0.2524101	-0.27908018	-0.14295517	0.025996763	-0.13096015	-0.037902907	-0.4025743
253	0.27239805	-0.2965673	-0.049842954	-0.0050941827	-0.3577377	0.029241925	0.19765869	0.01603891	-0.024789453	-0.15949559	0.11054555	-0.3926142	0.033069357	-0.017327268	-0.086821795	0.020661429	0.03001007
254	0.0769494	0.20592594	-0.10897243	0.05894125	0.079647325	-0.06581399	0.18531232	-0.22037719	-0.23132376	-0.14255825	0.45665017	0.33510372	-0.5247396	-0.17034897	-0.009179799	-0.08405319	0.014417529
255	0.010369077	-0.170073	0.057659365	0.4932043	0.085660495	0.029959323	-0.23032507	-0.394435	-0.0048804814	0.15367492	-0.2151552	-0.012421127	-0.08028492	0.22184627	-0.018278161	0.18419349	-0.008936375
256	-0.26438403	0.004341478	-0.0051955134	-0.517291	-0.46147934	-0.010940927	-0.064171	-0.022995532	-0.099099584	-0.19899774	0.2900835	-0.27508655	-0.21442285	-0.06804933	-0.045537136	0.02851703	0.036583096
257	-0.106918156	0.0026853574	-0.12192689	0.20551413	0.17248452	-0.01830004	-0.2806295	-0.3282743	0.021038435	-0.0831828	-0.2387109	-0.19035462	-0.28199723	-0.11139208	-0.28719044	-0.09800597	0.022269428
258	0.45186895	0.050083388	0.18451545	0.061098386	0.091069445	0.057179946	0.19344904	0.35754344	-0.15909447	0.25585818	0.25325713	0.2603421	-0.14200296	0.033333134	0.20896365	0.19939256	-0.0746025
259	0.15796202	-0.3862024	-0.043497033	-0.26803425	-0.039426938	0.06843644	0.033538103	-0.1900765	0.20373921	-0.30404872	-0.2472976	-0.07163316	0.24223441	-0.12122235	0.4840167	0.07980982	0.10986629
260	0.022671878	-0.065674365	0.13089761	-0.047304388	0.21700954	0.0072271316	0.020194026	-0.17544308	-0.12693448	-0.05116283	0.0013239555	0.0029987735	-0.083327726	0.025778515	-0.3149066	0.12409899	0.018079013
261	0.13525929	0.11503491	0.3240806	0.2982918	0.13963056	0.005758405	0.123567164	0.3664266	0.13554053	0.24634846	0.6229409	0.0640342	0.016295847	0.15937792	0.4223641	0.09524971	0.19326332
262	-0.047861427	0.07994989	0.049279124	0.3503951	0.20539668	0.07146639	-0.17250298	-0.22875705	0.39490113	0.15552162	0.08254741	-0.08655062	0.036034077	-0.03634539	0.28918922	-0.035340995	0.03829212
263	0.0007313788	-0.31879112	-0.12412393	-0.2778531	-0.24929528	-0.08316401	-0.24075276	-0.24329737	0.00044854122	-0.028002463	0.2842506	0.07088152	0.23413348	0.009197099	0.018968467	0.08412977	0.08014627
264	-0.009512655	-0.257809	-0.23473364	-0.3964239	-0.18820378	-0.015009899	0.015600085	-0.040537894	-0.28062123	-0.0671363	-0.17044355	-0.24614123	0.016184136	-0.11032977	-0.18750823	-0.0823026	0.05390072
265	-0.03715187	-0.023834214	-0.065102875	-0.22882296	-0.058154747	-0.07806012	0.11660042	-0.10577881	-0.14169508	-0.33036295	0.41294178	0.269193	-0.0019129515	-0.07924799	0.20906934	-0.07579183	0.13041992
266	0.106978446	-0.035540447	-0.13250302	-0.19806325	0.080039896	0.0033292773	-0.03285581	-0.0071522593	0.03193916	0.13015035	0.27733156	0.28309286	-0.19888417	-0.1099349	0.11610135	0.16534702	0.0043379962
267	0.3410291	-0.23784012	0.363984	-0.08986268	-0.077010505	0.0991322	0.29472008	0.6173409	0.023402994	-0.19566752	-0.004339448	-0.0091074435	0.07862379	0.08555469	-0.22244573	0.115814954	-0.15412116
268	-0.024780497	-0.24847434	0.02273491	-0.37902105	0.11771741	0.06118761	0.033151373	0.18011859	-0.034906335	0.34387907	0.15416661	0.0012738268	0.024006061	0.009754011	-0.08503729	0.013019189	0.092865415
269	-0.37268603	-0.24925856	-0.15707535	-0.37842607	-0.26672742	-0.097814955	-0.03934235	-0.1651552	-0.09426243	-0.23265964	-0.24706316	-0.04138609	0.17969966	-0.23608	0.4893723	-0.08089419	-0.059374392
270	-0.22329181	-0.4563629	-0.058168277	0.13051939	-0.3692697	-0.14008114	-0.3602939	-0.24513632	-0.12416339	0.09356076	0.11610211	-0.22680391	-0.12137286	-0.18618773	0.2630632	-0.010399951	-0.03361926
271	-0.24744761	-0.15448838	0.11843735	0.080723755	0.13153437	-0.0026303872	-0.07565236	0.08561575	-0.20250702	-0.3347719	0.30322802	-0.07135606	0.20834495	-0.07183508	-0.241909	-0.078736216	0.044072986
272	0.5851079	0.209987	-0.011848152	-0.039982878	-0.3325439	0.002226919	0.15120576	0.3882056	-0.1016392	0.30532956	0.07338213	0.07806455	-0.35337174	-0.024812853	0.10487895	-0.111223936	0.06617811
273	0.053678323	0.040996175	0.043694466	-0.5322805	-0.5161093	0.08349629	-0.021539181	0.048237853	-0.058665168	-0.19913948	-0.13447586	-0.16084984	-0.020637192	0.0746577	-0.31061125	0.0289964	-0.16668385
274	-0.08461064	-0.073269375	0.039632678	-0.1202702	-0.57832485	-0.14333862	0.069992274	0.11980982	-0.020256441	-0.26637724	0.42848566	0.05436578	-0.10180433	-0.028669111	-0.23278283	-0.06331028	-0.06245321
275	-0.13389581	-0.03879846	-0.2605265	-0.509684	-0.4442583	-0.037447177	-0.07788457	-0.14778265	0.05137304	0.027758153	-0.02769673	-0.10291824	-0.14994435	0.031546094	-0.40265357	-0.033930145	-0.23389964
276	-0.12909971	0.3037895	0.3267184	0.3449751	0.24393317	0.06156392	0.1566563	0.045488868	0.22868244	0.35502568	-0.1462169	0.2372981	0.394979	0.0889307	0.13978373	0.020571858	-0.026024789
277	0.10349125	0.17819794	0.17927943	0.39985108	0.34317788	0.21535766	0.038272582	0.30787376	0.2084671	0.5348252	0.3091483	0.1631095	0.25541186	0.23871785	0.3550944	0.2645214	-0.028358616
278	0.08332376	0.44313368	0.11029971	-0.01872977	-0.015894381	-0.036835775	-0.14748505	0.0952722	0.2091535	-0.07755646	-0.27615163	0.1779828	0.17831579	0.16799846	-0.02125147	0.0017304122	-0.25575063
279	-0.09206301	-0.09700934	-0.045212373	-0.16420509	0.06718348	0.038628828	-0.23696227	-0.0945267	-0.0735505	-0.30352122	0.43072155	0.1607016	0.07202536	-0.058967356	0.106978975	0.01900195	-0.1058563
280	0.09757696	0.1242598	0.22146311	0.10984886	0.046061072	0.1303116	-0.17153591	0.18079075	0.23701584	-0.2270569	0.4224706	0.14512838	0.110419914	0.06312438	-0.23898713	0.14132483	0.09942328
281	0.29681462	0.120306335	0.15148675	0.4643618	0.30799872	0.04594359	0.30902296	0.11987424	-0.07257905	0.13873051	0.06197404	0.34236845	0.19178957	-0.057812843	-0.03071094	-0.079110146	0.15685177
282	-0.21136366	0.30396155	0.06116119	-0.23917504	-0.30861586	0.027701022	-0.2970155	-0.15574351	-0.0068663484	-0.17398897	-0.36149317	-0.25264004	0.06859684	0.019214265	-0.14845285	0.15356152	-0.12658794
283	-0.023828775	0.13548897	-0.055577263	-0.106859975	-0.2444404	0.06167911	-0.22584257	0.05047401	-0.049042866	-0.10789497	-0.34680966	0.14801817	-0.0062474813	0.016109416	-0.13388188	0.07287307	-0.22974932
284	0.18007074	0.30855486	-0.07531522	-0.21734907	-0.12610112	0.062920704	0.061565105	0.28858954	0.18509091	-0.08402464	-0.27733228	0.14797124	0.08740735	0.11405897	-0.42872846	0.08716841	0.15002185
285	0.04380071	-0.2347114	-0.100552924	0.41256332	0.22685818	0.068452895	-0.052917995	-0.29371494	-0.21591243	0.21062069	-0.15270415	0.12959896	0.048028722	-0.074513555	-0.04994246	-0.005552996	-0.16253424
286	0.08805439	0.0061428766	0.11614522	0.27577364	0.25829002	-0.026291652	0.07493785	-0.07247567	-0.107392944	0.55325484	0.36481634	0.35964608	0.24316248	0.051821217	-0.1445123	-0.020072907	0.09520835
287	0.20465389	0.26170978	0.19411021	0.53322715	0.6183808	0.17341822	0.26360694	0.27489227	-0.0068317195	0.07935911	-0.07005308	-0.038571704	-0.10581462	0.20783393	0.1582581	0.1502243	0.30721933
288	-0.2964386	-0.08243324	-0.10140568	0.62971795	0.3189774	-0.14420564	-0.2530071	-0.7963221	0.095779836	0.23053272	-0.5103421	-0.23580606	0.03379655	-0.08680277	0.1427212	-0.015350848	0.052365124
289	0.174608	-0.022644088	0.21325514	0.119078055	0.20387015	-0.013123615	0.026623875	-0.04113743	0.07057378	-0.055617645	0.1070586	0.39831206	-0.09882805	0.10953243	0.12479504	0.16743463	-0.109627016
290	0.062872946	-0.28567052	0.040323675	-0.32640827	-0.38189176	0.15494293	-0.09896004	-0.096284926	0.06915248	-0.2318537	-0.259951	0.2508335	0.11308226	0.06494395	-0.3491502	0.16956349	0.09533158
291	0.14942078	0.023076838	-0.27410135	0.32034963	-0.06909515	-0.10786251	0.19601971	0.19474283	-0.02658248	-0.08079247	-0.05447571	0.1025577	-0.4065801	-0.21673132	-0.024686238	-0.33677104	-0.21913773
292	-0.14616364	0.03312912	-0.116333485	0.17996597	0.16980177	0.18314378	0.003299117	-0.43922818	0.08737711	-0.21804014	0.15198927	0.04102646	0.00030371547	-0.03768308	0.18432494	-0.060285866	-0.042759523
293	-0.21085726	-0.20708174	-0.08941813	-0.30955634	-0.34997103	0.13881248	-0.1712015	-0.20774934	0.14222379	-0.35642806	-0.16531533	0.014363958	0.0051219836	0.08186026	-0.02553755	0.08609664	-0.13685113
294	0.32135195	-0.5858639	-0.072753675	0.4305141	0.029510057	0.027569577	0.18920895	0.28420147	0.0448316	0.2814077	0.47936144	-0.2962654	0.032003865	-0.039890546	-0.054517884	-0.06500147	0.09746996
295	-0.03725779	0.044029832	-0.2604288	-0.4295342	-0.3510212	-0.035073172	-0.23339951	-0.022472769	0.06853427	0.019682499	0.10712951	-0.19309935	0.043653682	-0.05133389	-0.107771985	0.004833147	-0.2181777
296	-0.06030112	-0.006103624	0.08424626	-0.38861668	-0.5236926	-0.017828872	-0.567237	-0.34112996	-0.17146774	0.054030556	-0.0060471427	-0.038651045	-0.28839952	-0.10165272	-0.046279967	-0.10095574	-0.058232933
297	0.41910946	-0.06735143	-0.0016082227	0.08989898	0.17621246	0.111630395	0.23205587	0.10430224	0.09719751	0.015080298	-0.08661573	0.19419153	0.046729177	0.16642082	-0.044912893	0.13909999	0.06337392
298	0.032854237	0.013997756	0.17079881	0.015690599	0.41924587	-0.058231384	0.07941404	0.10766989	-0.36451808	0.19123663	0.044744663	0.3528252	-0.0946208	-0.13078983	-0.37704116	-0.13713703	-0.12160772
299	-0.12302581	0.10895606	-0.035512116	0.23958312	-0.0002769577	0.011977346	0.13812917	-0.24934116	-0.08174386	0.24386212	-0.12116339	-0.22213532	0.2077901	0.035397135	0.02597656	-0.039704904	0.039339036
